id,category,original_url,raw_bytes,zero_storage_code,zero_bytes,store_shortcut,store_bytes,disk_raw_bytes,disk_compressed_bytes,ram_hashmap_bytes,ram_succinct_bytes,lookup_nanos,status
1,"Social & Media","https://www.youtube.com/watch?v=dQw4w9WgXcQ",43,"0BY_6S1c_MGnOO7rW94",19,"NFJ_S",5,83,59,64,10,1617,"Verified"
2,"Social & Media","https://x.com/rustlang/status/1789012345678901234",49,"0BY~DwESs2BsjVNBE_R",19,"SRlCC",5,89,59,64,10,987,"Verified"
3,"Social & Media","https://www.instagram.com/p/C9AbCdEfGhI/?igshid=MzRlODBiNWFlZA==",64,"0AIgBGm8Aa.I8tVok.3VPoOiQu6o4-XS9hs6a0H-aIm",43,"Tp4Gb",5,104,83,64,10,652,"Verified"
4,"Social & Media","https://www.reddit.com/r/rust/comments/123456/announcing_urls_v1_compression/",77,"0Db4ME2L35yeRfb21aNuL_8HT65IlW7uA6UmBe-DKAhu",44,"XTYTB",5,117,84,64,10,524,"Verified"
5,"Social & Media","https://www.linkedin.com/posts/rust-foundation_systems-programming-rustlang-activity-7123456789012345678-AbCd",109,"0EsI3w7aWakHrYDgqTVsJocdjOechp.sGuH~CK5WnT-R07j4Zg9NKbkKc_AiHTTahcimjiD_.9AJT5Fkx",81,"Ydsg-",5,149,121,64,10,559,"Verified"
6,"Developer & Code","https://github.com/rust-lang/rust/pull/12345",44,"0tD5NcsUazEUG",13,"PYd6.",5,84,53,64,10,651,"Verified"
7,"Developer & Code","https://github.com/rust-lang/rust/blob/master/compiler/rustc_middle/src/ty/context.rs",85,"0QM8mO9KeDcnT8vOP944MsifGiPvngRYTD2wZUEmnxk2A",45,"WRglF",5,125,85,64,10,656,"Verified"
8,"Developer & Code","https://crates.io/crates/clap",29,"0zGTjPDu~",9,"Wimhd",5,69,49,64,10,494,"Verified"
9,"Developer & Code","https://doc.rust-lang.org/book/ch04-01-what-is-ownership.html",61,"0Db2R0CeimPNihfcj5GU00MJdFEI0xdWoyAtstx03z6V",44,"VcXN9",5,101,84,64,10,547,"Verified"
10,"Developer & Code","https://api.github.com/repos/rust-lang/rust/issues?state=open&sort=created&direction=desc",89,"0e28l9.jfG3ThpOJXlfsCRwYh",25,"XME_m",5,129,65,64,10,925,"Verified"
11,"Marketing & E-Commerce","https://www.amazon.com/dp/B08N5WRWNW?ref=nb_sb_ss_custom_track&utm_source=newsletter&utm_medium=email&utm_campaign=summer_sale&utm_content=hero_cta&gclid=EAIaIQobChMI123456789",175,"0ASqncoVdGY3xyqwfZBYGFdXsVUliqgZoQZSU9RTGlLBUq08tMVLgv2GDcitRveC3pqjU2GcFeUwE99SeL7IEYROkpVwPCNgf-kJrRYUQtEL_.hh5u06yY.Mi0M9syufb",129,"VUnvf",5,215,169,64,10,1246,"Verified"
12,"Marketing & E-Commerce","https://store.steampowered.com/app/1086940/Baldurs_Gate_3/?utm_source=steam_store&utm_medium=featured&utm_campaign=winter_sale&fbclid=IwAR2AbCdEfGhIjKlMnOpQrStUvWxYz",165,"0Aqjq7URcFcRT~P1acsKEzRbeUD5_uM2W.Kir7oSMHfqideP~nwDM9uBpi56fatWl7Bv6OfO8oKsE2TpEIl4QAgMVhDIzzaaa8-LlIoeeON8wxdZt64HhU-_z",121,"OhPyo",5,205,161,64,10,1896,"Verified"
13,"Knowledge & Reference","https://en.wikipedia.org/wiki/Asymmetric_numeral_systems",56,"0AqNjcgpBzI5f2iQgkzf5eB7F6bm3PL",31,"YypKs",5,96,71,64,10,487,"Verified"
14,"Knowledge & Reference","https://en.wikipedia.org/wiki/Straight-line_program",51,"0FapeU5lM~3q8R80I3LpSJhC2UeFoXRg",32,"NTUkM",5,91,72,64,10,565,"Verified"
15,"Decentralized & Protocols","ipfs://bafybeic56t3rwfi6eza63q7hnvd6n2s6j7vg2nff22e7w273nzyuap243a",66,"0A47_vf_T.1S5TCPcSg8N5zJ5Rb-yYfC~78dHinAGQET2K0SIpIVo2nsEMPVVr19VxXg7aMq",72,"OKhAv",5,106,112,64,10,718,"Verified"
16,"Decentralized & Protocols","magnet:?xt=urn:btih:d2b0018a1a3641b69ad312384a6c4df19910d65b&dn=Rust_Programming_Book_2026",90,"0e9oN706wz13sruhgUEQl6Yy6~Y_YJuKbx84XLRN12DpEF0b.8o0MzhXA1B1kZEXkAPLAT",70,"PW7It",5,130,110,64,10,438,"Verified"
17,"Decentralized & Protocols","mailto:core-team@rust-lang.org?subject=Zero-Storage%20URL%20Compression",71,"3AgI75hUL6PdVB_nZ7mjv-BDyf39k5nnZ~1CGb8SX2.0hbgs_vfDel5sxK.7hKPTKrs1~eFQU9FCqQdl",80,"NHD3S",5,111,120,64,10,424,"Verified"
18,"Decentralized & Protocols","bitcoin:1A1zP1eP5QGefi2DMPTfTL5SLmv7DivfNa?amount=0.005&label=Satoshi",69,"3HdeB-LMoKf~SpX8S3EWmISmu236ho-Jatp0UOQ9XXsxK7ehHqBbfZP~qcdPhpiCTbAS-",69,"UQeTm",5,109,109,64,10,1522,"Verified"
